Model,MAPE,RMSE
Prophet,0.32225640815549755,13269.136332325203
LSTM,0.5254031815288739,18290.839075192172
Ensemble,0.3181867685978001,13331.63563500155
